business_unit,department,usable_responses,engagement,manager_effectiveness,psychological_safety,growth_development,workload_sustainability,belonging
Client Operations,Customer Support,755,2.97869757174393,3.00728476821192,2.981015452538631,3.0135761589403973,3.0243929359823403,2.9367549668874173
Client Operations,Implementation,552,3.0090579710144927,2.9654287439613527,2.9856582125603865,3.026721014492754,3.011020531400966,2.9947161835748792
Client Operations,Service Delivery,541,2.973813924830561,3.020794824399261,3.0268022181146024,2.9369993838570547,2.9522489217498467,2.9664202094886014
Corporate Services,Finance,199,3.010887772194305,3.115159128978225,3.032244556113903,3.159966499162479,3.0314070351758793,2.8957286432160805
Corporate Services,Human Resources,234,2.982905982905983,2.9772079772079767,3.092948717948718,3.009259259259259,3.0270655270655267,2.9576210826210825
Corporate Services,Sales and Marketing,416,3.030048076923077,2.937900641025641,3.053485576923077,3.0653044871794877,3.0304487179487176,3.0014022435897436
Technology and Product,Data and Analytics,358,2.9767225325884543,3.0076815642458103,2.9806797020484175,3.0772811918063314,2.968342644320298,3.011871508379888
Technology and Product,Engineering,777,3.025740025740026,3.052659802659803,3.0287430287430284,2.9454096954096958,2.9760832260832264,2.9933504933504933
Technology and Product,Product,512,2.9763997395833335,3.0418294270833335,2.98291015625,3.058756510416667,3.0507812500000004,3.0179036458333335
